Timestamp,Trade_Num,Type,Price,Result,Profit_Loss,Balance
2026-09-30 15:45:55,1,BUY,83556.01,WIN,15.0,1015.0
2026-09-30 15:45:59,2,BUY,83556.01,WIN,15.0,1030.0
2026-09-30 15:46:02,3,BUY,83556.01,WIN,15.0,1045.0
2026-09-30 15:46:05,4,BUY,83558.0,LOSS,-10.0,1035.0
2026-09-30 15:46:08,5,BUY,83558.01,WIN,15.0,1050.0
2026-09-30 15:46:12,6,BUY,83558.01,WIN,15.0,1065.0
2026-09-30 15:46:15,7,BUY,83558.01,LOSS,-10.0,1055.0
2026-09-30 15:46:18,8,BUY,83558.01,WIN,15.0,1070.0
2026-09-30 15:46:22,9,BUY,83574.4,LOSS,-10.0,1060.0
2026-09-30 15:46:25,10,BUY,83574.4,WIN,15.0,1075.0
2026-09-30 15:46:28,11,BUY,83552.01,LOSS,-10.0,1065.0
2026-09-30 15:46:32,12,BUY,83542.0,WIN,15.0,1080.0
2026-09-30 15:46:35,13,BUY,83540.01,WIN,15.0,1095.0
2026-09-30 15:46:38,14,BUY,83537.22,LOSS,-10.0,1085.0
2026-09-30 15:46:41,15,BUY,83572.0,WIN,15.0,1100.0
2026-09-30 15:46:45,16,BUY,83574.87,WIN,15.0,1115.0
2026-09-30 15:46:48,17,BUY,83582.99,WIN,15.0,1130.0
2026-09-30 15:46:51,18,BUY,83583.0,WIN,15.0,1145.0
2026-09-30 15:46:55,19,BUY,83580.32,WIN,15.0,1160.0
2026-09-30 15:46:58,20,BUY,83578.98,WIN,15.0,1175.0
2026-09-30 15:47:01,21,BUY,83578.97,WIN,15.0,1190.0
2026-09-30 15:47:05,22,BUY,83564.01,WIN,15.0,1205.0
2026-09-30 15:47:08,23,BUY,83565.34,LOSS,-10.0,1195.0
2026-09-30 15:47:11,24,BUY,83565.35,WIN,15.0,1210.0
2026-09-30 15:47:14,25,BUY,83565.35,LOSS,-10.0,1200.0
2026-09-30 15:47:18,26,BUY,83565.34,LOSS,-10.0,1190.0
2026-09-30 15:47:21,27,BUY,83565.34,LOSS,-10.0,1180.0
2026-09-30 15:47:24,28,BUY,83566.01,LOSS,-10.0,1170.0
2026-09-30 15:47:28,29,BUY,83566.0,WIN,15.0,1185.0
2026-09-30 15:47:31,30,BUY,83566.0,WIN,15.0,1200.0
2026-09-30 15:47:34,31,BUY,83566.0,WIN,15.0,1215.0
2026-09-30 15:47:38,32,BUY,83566.0,WIN,15.0,1230.0
2026-09-30 15:47:41,33,BUY,83571.81,WIN,15.0,1245.0
2026-09-30 15:47:44,34,BUY,83572.0,WIN,15.0,1260.0
2026-09-30 15:47:47,35,BUY,83571.99,LOSS,-10.0,1250.0
2026-09-30 15:47:51,36,BUY,83571.99,WIN,15.0,1265.0
2026-09-30 15:47:54,37,BUY,83571.99,LOSS,-10.0,1255.0
2026-09-30 15:47:58,38,BUY,83571.99,WIN,15.0,1270.0
2026-09-30 15:48:01,39,BUY,83583.0,WIN,15.0,1285.0
2026-09-30 15:48:04,40,BUY,83582.99,LOSS,-10.0,1275.0
2026-09-30 15:48:07,41,BUY,83582.99,LOSS,-10.0,1265.0
2026-09-30 15:48:11,42,BUY,83583.0,WIN,15.0,1280.0
2026-09-30 15:48:14,43,BUY,83583.0,LOSS,-10.0,1270.0
2026-09-30 15:48:17,44,BUY,83582.99,WIN,15.0,1285.0
2026-09-30 15:48:21,45,BUY,83583.0,WIN,15.0,1300.0
2026-09-30 15:48:24,46,BUY,83582.99,WIN,15.0,1315.0
2026-09-30 15:48:27,47,BUY,83583.0,WIN,15.0,1330.0
2026-09-30 15:48:31,48,BUY,83582.99,LOSS,-10.0,1320.0
2026-09-30 15:48:34,49,BUY,83582.99,LOSS,-10.0,1310.0
2026-09-30 15:48:37,50,BUY,83583.0,WIN,15.0,1325.0
2026-09-30 15:48:40,51,BUY,83574.69,LOSS,-10.0,1315.0
2026-09-30 15:48:44,52,BUY,83570.27,LOSS,-10.0,1305.0
2026-09-30 15:48:47,53,BUY,83567.08,LOSS,-10.0,1295.0
2026-09-30 15:48:50,54,BUY,83567.09,LOSS,-10.0,1285.0
2026-09-30 15:48:54,55,BUY,83574.01,WIN,15.0,1300.0
2026-09-30 15:48:57,56,BUY,83574.0,LOSS,-10.0,1290.0
2026-09-30 15:49:01,57,BUY,83574.01,LOSS,-10.0,1280.0
2026-09-30 15:49:13,1,BUY,83579.6,LOSS,-10.0,990.0
2026-09-30 15:49:16,2,BUY,83579.6,LOSS,-10.0,980.0
2026-09-30 15:49:19,3,BUY,83579.6,WIN,15.0,995.0
2026-09-30 15:49:23,4,BUY,83583.0,WIN,15.0,1010.0
2026-09-30 15:49:26,5,BUY,83588.0,WIN,15.0,1025.0
2026-09-30 15:49:29,6,BUY,83588.01,LOSS,-10.0,1015.0
2026-09-30 15:49:32,7,BUY,83594.3,WIN,15.0,1030.0
2026-09-30 15:49:36,8,BUY,83594.31,WIN,15.0,1045.0
2026-09-30 15:49:39,9,BUY,83594.31,WIN,15.0,1060.0
2026-09-30 15:49:42,10,BUY,83596.01,LOSS,-10.0,1050.0
2026-09-30 15:49:46,11,BUY,83596.01,LOSS,-10.0,1040.0
2026-09-30 15:49:49,12,BUY,83596.01,LOSS,-10.0,1030.0
2026-09-30 15:49:52,13,BUY,83596.0,WIN,15.0,1045.0
2026-09-30 15:49:56,14,BUY,83596.01,WIN,15.0,1060.0
2026-09-30 15:49:59,15,BUY,83596.0,WIN,15.0,1075.0
2026-09-30 15:50:02,16,BUY,83596.0,LOSS,-10.0,1065.0
2026-09-30 15:50:06,17,BUY,83596.01,LOSS,-10.0,1055.0
2026-09-30 15:50:09,18,BUY,83596.01,WIN,15.0,1070.0
2026-09-30 15:50:12,19,BUY,83596.01,LOSS,-10.0,1060.0
2026-09-30 15:50:15,20,BUY,83596.01,WIN,15.0,1075.0
2026-09-30 15:50:19,21,BUY,83596.01,LOSS,-10.0,1065.0
2026-09-30 15:50:22,22,BUY,83596.01,LOSS,-10.0,1055.0
2026-09-30 15:50:25,23,BUY,83596.01,WIN,15.0,1070.0
2026-09-30 15:50:29,24,BUY,83596.01,WIN,15.0,1085.0
2026-09-30 15:56:39,1,SELL,83656.0,LOSS,-10.0,990.0
2026-09-30 15:56:43,2,SELL,83656.0,LOSS,-10.0,980.0
2026-09-30 15:56:46,3,SELL,83652.0,LOSS,-10.0,970.0
2026-09-30 15:56:50,4,SELL,83642.5,WIN,15.0,985.0
2026-09-30 15:56:54,5,SELL,83642.5,LOSS,-10.0,975.0
2026-09-30 15:56:57,6,SELL,83640.82,LOSS,-10.0,965.0
2026-09-30 15:57:01,7,SELL,83640.81,LOSS,-10.0,955.0
2026-09-30 15:58:38,8,SELL,83634.4,LOSS,-10.0,945.0
2026-09-30 15:58:42,9,SELL,83634.39,WIN,15.0,960.0
2026-09-30 15:58:45,10,SELL,83634.4,WIN,15.0,975.0
2026-09-30 15:58:49,11,SELL,83634.4,WIN,15.0,990.0
2026-09-30 15:58:52,12,SELL,83634.39,WIN,15.0,1005.0
2026-09-30 15:58:56,13,SELL,83634.4,LOSS,-10.0,995.0
2026-09-30 15:59:00,14,SELL,83634.39,LOSS,-10.0,985.0
2026-09-30 15:59:03,15,SELL,83634.39,WIN,15.0,1000.0
2026-09-30 15:59:07,16,SELL,83640.8,WIN,15.0,1015.0
2026-09-30 17:18:25,ETHUSDT,1,BUY,2689.73,LOSS ❌,-10.0,990.0
2026-09-30 17:18:32,ETHUSDT,2,BUY,2689.68,LOSS ❌,-9.9,980.1
2026-09-30 17:18:39,ETHUSDT,3,BUY,2689.74,WIN ✅,19.6,999.7
2026-09-30 17:18:46,ETHUSDT,4,BUY,2689.5,WIN ✅,20.0,1019.7
2026-09-30 17:18:53,ETHUSDT,5,BUY,2689.5,WIN ✅,20.4,1040.1000000000001
2026-09-30 17:18:59,ETHUSDT,6,BUY,2689.51,LOSS ❌,-10.4,1029.7
2026-09-30 17:19:06,ETHUSDT,7,BUY,2688.94,WIN ✅,20.6,1050.3
2026-09-30 17:19:13,ETHUSDT,8,BUY,2688.67,LOSS ❌,-10.5,1039.8
2026-09-30 17:19:20,ETHUSDT,9,BUY,2688.66,WIN ✅,20.8,1060.6
2026-09-30 17:21:15,ETHUSDT,10,BUY,2688.28,WIN ✅,21.22,1081.82
2026-09-30 17:21:21,ETHUSDT,11,BUY,2687.78,WIN ✅,21.64,1103.46
2026-09-30 17:38:25,BTCUSDT,12,BUY,83819.28,LOSS ❌,-11.03,1092.43
2026-09-30 17:38:32,BTCUSDT,13,BUY,83830.01,WIN ✅,21.84,1114.27
2026-09-30 17:38:39,BTCUSDT,14,BUY,83830.0,LOSS ❌,-11.14,1103.1299999999999
2026-09-30 17:38:45,BTCUSDT,15,BUY,83830.0,WIN ✅,22.06,1125.1899999999998
2026-09-30 17:38:52,BTCUSDT,16,BUY,83838.01,WIN ✅,22.5,1147.6899999999998
2026-09-30 17:38:59,BTCUSDT,17,BUY,83830.01,LOSS ❌,-11.48,1136.2099999999998
2026-09-30 17:39:06,BTCUSDT,18,BUY,83819.27,WIN ✅,22.72,1158.9299999999998
2026-09-30 17:39:12,BTCUSDT,19,BUY,83832.98,WIN ✅,23.18,1182.11
2026-09-30 17:39:20,BTCUSDT,20,BUY,83837.76,WIN ✅,23.64,1205.75
2026-09-30 17:45:30,PAXGUSDT,21,SELL,4193.19,LOSS ❌,-12.06,1193.69
2026-09-30 17:45:36,PAXGUSDT,22,SELL,4193.19,WIN ✅,23.88,1217.5700000000002
2026-09-30 17:46:00,PAXGUSDT,23,SELL,4193.19,WIN ✅,24.36,1241.93
2026-09-30 17:46:21,PAXGUSDT,24,SELL,4193.19,LOSS ❌,-12.42,1229.51
2026-09-30 17:48:11,PAXGUSDT,25,SELL,4192.53,WIN ✅,24.6,1254.11
2026-09-30 17:48:18,PAXGUSDT,26,SELL,4192.43,LOSS ❌,-12.54,1241.57
2026-09-30 18:00:34,PAXGUSDT,27,SELL,4192.8,LOSS ❌,-12.42,1229.1499999999999
2026-09-30 18:00:41,PAXGUSDT,28,SELL,4192.8,WIN ✅,24.58,1253.7299999999998
2026-09-30 18:00:48,PAXGUSDT,29,SELL,4192.8,LOSS ❌,-12.54,1241.1899999999998
2026-09-30 18:00:55,PAXGUSDT,30,SELL,4192.8,WIN ✅,24.82,1266.0099999999998
2026-09-30 18:01:02,PAXGUSDT,31,SELL,4193.48,LOSS ❌,-12.66,1253.3499999999997
2026-09-30 18:01:08,PAXGUSDT,32,SELL,4193.48,WIN ✅,25.06,1278.4099999999996
2026-09-30 18:01:15,PAXGUSDT,33,SELL,4193.48,LOSS ❌,-12.78,1265.6299999999997
2026-09-30 18:01:22,PAXGUSDT,34,SELL,4193.48,LOSS ❌,-12.66,1252.9699999999996
2026-09-30 18:01:36,BTCUSDT,35,BUY,83900.0,WIN ✅,25.06,1278.0299999999995
2026-09-30 18:01:45,BTCUSDT,36,BUY,83918.01,WIN ✅,25.56,1303.5899999999995
2026-09-30 18:02:29,PAXGUSDT,37,SELL,4192.81,WIN ✅,26.08,1329.6699999999994
2026-09-30 18:03:00,PAXGUSDT,38,SELL,4192.53,WIN ✅,26.6,1356.2699999999993
2026-09-30 18:03:07,PAXGUSDT,39,SELL,4192.53,LOSS ❌,-13.56,1342.7099999999994
2026-09-30 18:03:14,PAXGUSDT,40,SELL,4192.21,LOSS ❌,-13.43,1329.2799999999993
2026-09-30 18:03:20,PAXGUSDT,41,SELL,4192.21,WIN ✅,26.58,1355.8599999999992
2026-09-30 18:03:27,PAXGUSDT,42,SELL,4192.21,WIN ✅,27.12,1382.979999999999
2026-09-30 18:03:34,PAXGUSDT,43,SELL,4193.02,WIN ✅,27.66,1410.6399999999992
2026-09-30 18:03:41,PAXGUSDT,44,SELL,4193.02,WIN ✅,28.22,1438.8599999999992
2026-09-30 18:03:47,PAXGUSDT,45,SELL,4193.02,LOSS ❌,-14.39,1424.4699999999991
2026-09-30 18:03:54,PAXGUSDT,46,SELL,4193.02,WIN ✅,28.48,1452.9499999999991
2026-09-30 18:04:01,PAXGUSDT,47,SELL,4193.02,WIN ✅,29.06,1482.009999999999
2026-09-30 18:04:08,PAXGUSDT,48,SELL,4193.02,WIN ✅,29.64,1511.6499999999992
2026-09-30 18:04:15,PAXGUSDT,49,SELL,4193.02,WIN ✅,30.24,1541.8899999999992
2026-09-30 18:14:25,BTCUSDT,50,BUY,83852.61,WIN ✅,30.84,1572.729999999999
2026-09-30 18:14:31,BTCUSDT,51,BUY,83861.49,WIN ✅,31.46,1604.1899999999991
2026-09-30 18:14:38,BTCUSDT,52,BUY,83861.5,LOSS ❌,-16.04,1588.1499999999992
2026-09-30 18:14:46,BTCUSDT,53,BUY,83861.5,WIN ✅,31.76,1619.9099999999992
2026-09-30 18:14:53,BTCUSDT,54,BUY,83855.14,LOSS ❌,-16.2,1603.7099999999991
2026-09-30 18:15:00,BTCUSDT,55,BUY,83852.62,WIN ✅,32.08,1635.789999999999
2026-09-30 18:15:06,BTCUSDT,56,BUY,83852.62,LOSS ❌,-16.36,1619.4299999999992
2026-09-30 18:15:13,BTCUSDT,57,BUY,83852.0,WIN ✅,32.38,1651.8099999999993
2026-09-30 18:15:20,BTCUSDT,58,BUY,83852.0,LOSS ❌,-16.52,1635.2899999999993
2026-09-30 18:15:27,BTCUSDT,59,BUY,83852.0,WIN ✅,32.7,1667.9899999999993
2026-09-30 18:15:34,BTCUSDT,60,BUY,83852.0,LOSS ❌,-16.68,1651.3099999999993
2026-09-30 18:15:40,BTCUSDT,61,BUY,83852.01,WIN ✅,33.02,1684.3299999999992
2026-09-30 18:15:47,BTCUSDT,62,BUY,83852.0,WIN ✅,33.68,1718.0099999999993
2026-09-30 18:15:54,BTCUSDT,63,BUY,83852.01,WIN ✅,34.36,1752.3699999999992
2026-09-30 18:16:01,BTCUSDT,64,BUY,83870.01,WIN ✅,35.04,1787.4099999999992
2026-09-30 18:16:08,BTCUSDT,65,BUY,83875.04,LOSS ❌,-17.87,1769.5399999999993
2026-09-30 18:16:15,BTCUSDT,66,BUY,83875.03,LOSS ❌,-17.7,1751.8399999999992
2026-09-30 18:16:22,BTCUSDT,67,BUY,83883.95,LOSS ❌,-17.52,1734.3199999999993
2026-09-30 18:16:36,BTCUSDT,68,BUY,83832.97,WIN ✅,34.68,1768.9999999999993
2026-09-30 18:16:43,BTCUSDT,69,BUY,83832.01,WIN ✅,35.38,1804.3799999999994
2026-09-30 18:16:50,BTCUSDT,70,BUY,83832.01,WIN ✅,36.08,1840.4599999999994
2026-09-30 18:16:57,BTCUSDT,71,BUY,83833.85,LOSS ❌,-18.4,1822.0599999999993
2026-09-30 18:17:04,BTCUSDT,72,BUY,83833.86,LOSS ❌,-18.22,1803.8399999999992
2026-09-30 18:17:10,BTCUSDT,73,BUY,83821.04,WIN ✅,36.08,1839.9199999999992
2026-09-30 18:17:17,BTCUSDT,74,BUY,83814.0,LOSS ❌,-18.4,1821.519999999999
2026-09-30 18:17:24,BTCUSDT,75,BUY,83814.0,LOSS ❌,-18.22,1803.299999999999
2026-09-30 18:17:44,ETHUSDT,76,BUY,2693.88,WIN ✅,36.06,1839.359999999999
2026-09-30 18:17:51,ETHUSDT,77,BUY,2693.75,WIN ✅,36.78,1876.139999999999
2026-09-30 18:17:57,ETHUSDT,78,BUY,2693.49,WIN ✅,37.52,1913.659999999999
2026-09-30 18:18:04,ETHUSDT,79,BUY,2693.81,WIN ✅,38.28,1951.939999999999
2026-09-30 18:18:11,ETHUSDT,80,BUY,2693.77,WIN ✅,39.04,1990.9799999999989
2026-09-30 18:29:28,PAXGUSDT,81,BUY,4196.83,LOSS ❌,-19.91,1971.0699999999988
2026-09-30 18:29:29,ETHUSDT,82,BUY,2697.18,LOSS ❌,-19.71,1951.3599999999988
2026-09-30 18:29:36,PAXGUSDT,83,BUY,4196.83,WIN ✅,39.02,1990.3799999999987
2026-09-30 18:29:37,ETHUSDT,84,BUY,2696.57,LOSS ❌,-19.9,1970.4799999999987
2026-09-30 18:29:44,PAXGUSDT,85,BUY,4195.99,WIN ✅,39.4,2009.8799999999987
2026-09-30 18:29:45,ETHUSDT,86,BUY,2696.57,WIN ✅,40.2,2050.0799999999986
2026-09-30 18:29:51,PAXGUSDT,87,BUY,4195.99,WIN ✅,41.0,2091.0799999999986
2026-09-30 18:29:52,ETHUSDT,88,BUY,2697.01,WIN ✅,41.82,2132.8999999999987
2026-09-30 18:29:59,PAXGUSDT,89,BUY,4196.51,LOSS ❌,-21.33,2111.569999999999
2026-09-30 18:30:06,PAXGUSDT,90,BUY,4196.52,LOSS ❌,-21.12,2090.449999999999
2026-09-30 18:30:13,PAXGUSDT,91,BUY,4196.52,WIN ✅,41.8,2132.249999999999
2026-09-30 18:30:19,PAXGUSDT,92,BUY,4196.52,WIN ✅,42.64,2174.889999999999
